{"stats":{"minecraft:picked_up":{"minecraft:ender_pearl":1,"minecraft:arrow":4,"minecraft:rotten_flesh":1},"minecraft:used":{"minecraft:oak_trapdoor":4,"minecraft:stone_pressure_plate":5,"minecraft:grass_block":93,"minecraft:repeater":3,"minecraft:stone_slab":2,"minecraft:netherite_sword":30,"minecraft:red_concrete":542,"minecraft:water_bucket":13,"minecraft:sticky_piston":11,"minecraft:oak_sign":5,"minecraft:ladder":26,"minecraft:glowstone":11,"minecraft:stone_bricks":299,"minecraft:glass_pane":21,"minecraft:command_block":9,"minecraft:lime_wool":4,"minecraft:dirt":493,"minecraft:red_wool":11,"minecraft:lever":6,"minecraft:light_blue_wool":3,"minecraft:red_bed":1,"minecraft:magenta_wool":89,"minecraft:oak_leaves":87,"minecraft:redstone":35,"minecraft:stone_button":1,"minecraft:light":3,"minecraft:sea_lantern":9,"minecraft:oak_log":4,"minecraft:barrier":61,"minecraft:chest":55,"minecraft:orange_wool":3,"minecraft:purple_wool":3,"minecraft:quartz_stairs":51,"minecraft:yellow_wool":3,"minecraft:bedrock":410,"minecraft:oak_door":1},"minecraft:killed":{"minecraft:zombie":3,"minecraft:skeleton":2,"minecraft:creeper":1,"minecraft:enderman":1},"minecraft:custom":{"minecraft:time_since_rest":66181,"minecraft:walk_one_cm":117057,"minecraft:leave_game":7,"minecraft:mob_kills":7,"minecraft:damage_taken":240,"minecraft:play_time":106106,"minecraft:damage_dealt":1447,"minecraft:jump":163,"minecraft:time_since_death":66149,"minecraft:sprint_one_cm":9681,"minecraft:open_chest":21,"minecraft:total_world_time":157144,"minecraft:fly_one_cm":488766,"minecraft:walk_on_water_one_cm":2653,"minecraft:crouch_one_cm":3183,"minecraft:sneak_time":3021,"minecraft:climb_one_cm":7944,"minecraft:deaths":3}},"DataVersion":4435}